time,RIV_7_0
1.000000000000,-138.
31.41666666667,-130.
61.83333333333,-125.
92.25000000000,-122.
122.6666666667,-119.
153.0833333333,-117.
183.5000000000,-115.
213.9166666667,-114.
244.3333333333,-112.
274.7500000000,-111.
305.1666666667,-111.
335.5833333333,-110.
366.0000000000,-109.
