,0,1,2,sidx,idx_strs,pargp3,parval1_3,3
0,0,9,16,"(0, 9, 16)",idx0:0_idx1:9_idx2:16,welgrd,1.0,0.5907565214597182423617027779982890933752059936523437500000000000000000000
1,0,11,13,"(0, 11, 13)",idx0:0_idx1:11_idx2:13,welgrd,1.0,1.07633615171120999853826560865854844450950622558593750000000000000000000000
2,0,20,14,"(0, 20, 14)",idx0:0_idx1:20_idx2:14,welgrd,1.0,1.36608488387887949677690357930259779095649719238281250000000000000000000000
3,0,26,10,"(0, 26, 10)",idx0:0_idx1:26_idx2:10,welgrd,1.0,0.66081925283892495315285486867651343345642089843750000000000000000000000000
4,0,29,6,"(0, 29, 6)",idx0:0_idx1:29_idx2:6,welgrd,1.0,0.8318127016275502771947003566310741007328033447265625000000000000000000000
5,0,34,12,"(0, 34, 12)",idx0:0_idx1:34_idx2:12,welgrd,1.0,0.53572058573385972213287686827243305742740631103515625000000000000000000000
6,0,24,4,"(0, 24, 4)",idx0:0_idx1:24_idx2:4,welgrd,1.0,1.9558539318577536914034453729982487857341766357421875000000000000000000000
