time,RIV
339754363.2838,1.51574029
713484162.8959,1.51574029
1124586942.469,1.51574029
1576800000.000,1.51574029
