time,RIV_7_0
1.000000000000,-138.
31.41666666667,-130.
61.83333333333,-126.
92.25000000000,-122.
122.6666666667,-120.
153.0833333333,-118.
183.5000000000,-116.
213.9166666667,-116.
244.3333333333,-116.
274.7500000000,-115.
305.1666666667,-115.
335.5833333333,-114.
366.0000000000,-114.
