id,y
0,-10.21091
1,-11.314234
2,-12.44977
3,-13.620538
4,-14.830055
