time,SURF-DRN
339754363.2838,-0.209623969
713484162.8959,-0.209623969
1124586942.469,-0.209623969
1576800000.000,-0.209623969
