,0,1,2,sidx,idx_strs,pargp3,parval1_3,3
0,0,9,16,"(0, 9, 16)",idx0:0_idx1:9_idx2:16,welgrd,1.0,0.505625518925430283978528223087778314948081970214843750000000000000000000
1,0,11,13,"(0, 11, 13)",idx0:0_idx1:11_idx2:13,welgrd,1.0,0.3229322639078451850913609177951002493500709533691406250000000000000000000
2,0,20,14,"(0, 20, 14)",idx0:0_idx1:20_idx2:14,welgrd,1.0,1.1638172174913710144039669103221967816352844238281250000000000000000000000
3,0,26,10,"(0, 26, 10)",idx0:0_idx1:26_idx2:10,welgrd,1.0,0.2801516404672061977265684618032537400722503662109375000000000000000000000
4,0,29,6,"(0, 29, 6)",idx0:0_idx1:29_idx2:6,welgrd,1.0,0.576905016501052081423495110357180237770080566406250000000000000000000000
5,0,34,12,"(0, 34, 12)",idx0:0_idx1:34_idx2:12,welgrd,1.0,0.8617740857283265887289758211409207433462142944335937500000000000000000000
6,0,24,4,"(0, 24, 4)",idx0:0_idx1:24_idx2:4,welgrd,1.0,0.815028496405984403949673833267297595739364624023437500000000000000000000
