,0,1,2,sidx,idx_strs,pargp3,parval1_3,3
0,0,9,16,"(0, 9, 16)",idx0:0_idx1:9_idx2:16,welgrd,1.0,1.9573448741925782989881099638296291232109069824218750000000000000000000000
1,0,11,13,"(0, 11, 13)",idx0:0_idx1:11_idx2:13,welgrd,1.0,1.16371783555131758092215932265389710664749145507812500000000000000000000000
2,0,20,14,"(0, 20, 14)",idx0:0_idx1:20_idx2:14,welgrd,1.0,1.29535568351920882257388711877865716814994812011718750000000000000000000000
3,0,26,10,"(0, 26, 10)",idx0:0_idx1:26_idx2:10,welgrd,1.0,1.22100836288473102442253548360895365476608276367187500000000000000000000000
4,0,29,6,"(0, 29, 6)",idx0:0_idx1:29_idx2:6,welgrd,1.0,0.3648186148266294726028036166098900139331817626953125000000000000000000000
5,0,34,12,"(0, 34, 12)",idx0:0_idx1:34_idx2:12,welgrd,1.0,1.63215812132919890764526371640386059880256652832031250000000000000000000000
6,0,24,4,"(0, 24, 4)",idx0:0_idx1:24_idx2:4,welgrd,1.0,1.4058007800075142945672723726602271199226379394531250000000000000000000000
