,0,1,2,sidx,idx_strs,pargp3,parval1_3,3
0,0,9,16,"(0, 9, 16)",idx0:0_idx1:9_idx2:16,welgrd,1.0,2.9306083088425851634895025199512019753456115722656250000000000000000000000
1,0,11,13,"(0, 11, 13)",idx0:0_idx1:11_idx2:13,welgrd,1.0,0.53598151938345550693298946498543955385684967041015625000000000000000000000
2,0,20,14,"(0, 20, 14)",idx0:0_idx1:20_idx2:14,welgrd,1.0,1.38314074898520611434094007563544437289237976074218750000000000000000000000
3,0,26,10,"(0, 26, 10)",idx0:0_idx1:26_idx2:10,welgrd,1.0,0.79264795506444418737856949519482441246509552001953125000000000000000000000
4,0,29,6,"(0, 29, 6)",idx0:0_idx1:29_idx2:6,welgrd,1.0,1.2011183574486676839399024174781516194343566894531250000000000000000000000
5,0,34,12,"(0, 34, 12)",idx0:0_idx1:34_idx2:12,welgrd,1.0,1.35008054180820180611988234886666759848594665527343750000000000000000000000
6,0,24,4,"(0, 24, 4)",idx0:0_idx1:24_idx2:4,welgrd,1.0,1.1431534520090345097287354292348027229309082031250000000000000000000000000
