time,SURF-DRN
339754363.2838,-0.211205915
713484162.8959,-0.211205915
1124586942.469,-0.211205915
1576800000.000,-0.211205915
