time,RCH
1.000000000000,0.674476609E-01
