time,RIV
1.000000000000,1.51417789
