,0,1,2,sidx,idx_strs,pargp3,parval1_3,3
0,0,9,16,"(0, 9, 16)",idx0:0_idx1:9_idx2:16,welgrd,1.0,1.609180102612002283279934999882243573665618896484375000000000000000000000
1,0,11,13,"(0, 11, 13)",idx0:0_idx1:11_idx2:13,welgrd,1.0,1.4444666188034267495510221124277450144290924072265625000000000000000000000
2,0,20,14,"(0, 20, 14)",idx0:0_idx1:20_idx2:14,welgrd,1.0,1.5076943980663277677933820086764171719551086425781250000000000000000000000
3,0,26,10,"(0, 26, 10)",idx0:0_idx1:26_idx2:10,welgrd,1.0,1.9760397691108506634805053181480616331100463867187500000000000000000000000
4,0,29,6,"(0, 29, 6)",idx0:0_idx1:29_idx2:6,welgrd,1.0,0.834060247744871197106419913325225934386253356933593750000000000000000000
5,0,34,12,"(0, 34, 12)",idx0:0_idx1:34_idx2:12,welgrd,1.0,0.8014566238773317419230579616851173341274261474609375000000000000000000000
6,0,24,4,"(0, 24, 4)",idx0:0_idx1:24_idx2:4,welgrd,1.0,0.668764127500720673147327488550217822194099426269531250000000000000000000
