name,prior_mean,prior_stdev,prior_lower_bound,prior_upper_bound,post_mean,post_stdev,post_lower_bound,post_upper_bound
headwater:4383.5,-397.555,322.068,-1041.69,246.58,-469.16,9.49001,-488.14,-450.18
part_time,7076.31,5073.36,-3070.41,17223,7849.81,149.491,7550.83,8148.79
tailwater:4383.5,-90.295,381.917,-854.129,673.539,-165.255,11.2535,-187.762,-142.748
trgw-0-9-1:4383.5,38.0999,13.3587,11.3824,64.8173,40.4225,0.393627,39.6352,41.2098
