name,prior_mean,prior_stdev,prior_lower_bound,prior_upper_bound,post_mean,post_stdev,post_lower_bound,post_upper_bound
headwater:4383.5,-397.555,322.068,-1041.69,246.58,-468.289,9.49001,-487.269,-449.309
part_time,7076.31,5073.36,-3070.41,17223,7837.51,149.491,7538.52,8136.49
tailwater:4383.5,-90.295,381.917,-854.129,673.539,-164.241,11.2535,-186.748,-141.734
trgw-0-9-1:4383.5,38.0999,13.3587,11.3824,64.8173,40.3875,0.393627,39.6003,41.1748
